Workbook
Name SlicerCache_Table_1_Col_5: #N/A

Sheet Sheet1
A1: Employee ID | B1: Name | C1: Department | D1: Product | E1: Region | F1: Units Sold | G1: Unit Price | H1: Date of Sale | I1: Total Sale
A2: E1000 | B2: Grace | C2: Finance | D2: Phone | E2: West | F2: 52 | G2: 3890 | H2: 44927 | I2: 202280
A3: E1001 | B3: Grace | C3: Finance | D3: Tablet | E3: South | F3: 20 | G3: 1050 | H3: 44928 | I3: 21000
A4: E1002 | B4: Frank | C4: Sales | D4: Phone | E4: South | F4: 74 | G4: 1334 | H4: 44929 | I4: 98716
A5: E1003 | B5: David | C5: Finance | D5: Phone | E5: North | F5: 12 | G5: 2991 | H5: 44930 | I5: 35892
A6: E1004 | B6: Frank | C6: Sales | D6: Monitor | E6: North | F6: 24 | G6: 1326 | H6: 44931 | I6: 31824
A7: E1005 | B7: Alice | C7: HR | D7: Laptop | E7: North | F7: 26 | G7: 2871 | H7: 44932 | I7: 74646
A8: E1006 | B8: Alice | C8: HR | D8: Tablet | E8: West | F8: 39 | G8: 4625 | H8: 44933 | I8: 180375
A9: E1007 | B9: Frank | C9: Finance | D9: Tablet | E9: West | F9: 36 | G9: 2257 | H9: 44934 | I9: 81252
A10: E1008 | B10: Jack | C10: HR | D10: Monitor | E10: East | F10: 88 | G10: 3168 | H10: 44935 | I10: 278784
A11: E1009 | B11: Jack | C11: Marketing | D11: Tablet | E11: North | F11: 95 | G11: 2360 | H11: 44936 | I11: 224200
A12: E1010 | B12: Hannah | C12: IT | D12: Phone | E12: North | F12: 16 | G12: 4264 | H12: 44937 | I12: 68224
A13: E1011 | B13: Frank | C13: HR | D13: Laptop | E13: North | F13: 11 | G13: 4003 | H13: 44938 | I13: 44033
... A44: E1049 | B44: Jack | C44: Finance | D44: Keyboard | E44: South | F44: 83 | G44: 4055 | H44: 44976 | I44: 336565
A54: =VLOOKUP(C2:C51,Department,true) -> #NAME?

Sheet Pivot Table 9

Sheet Pivot Table 8

Sheet Pivot Table 7

Sheet Pivot Table 6

Sheet Pivot Table 5

Sheet Pivot Table 4

Sheet Pivot Table 3

Sheet Pivot Table 2

Sheet Pivot Table 1

Sheet Sheet2
A1: Lookup Function Questions
A2: 1. VLOOKUP Dept by Emp ID | C2: =VLOOKUP("E1000",Sheet1!A2:I51,3,FALSE) -> Finance
A3: 2. HLOOKUP Product Header | C3: =HLOOKUP("Product",Sheet1!A1:I2,1,FALSE) -> Product
A4: 3. XLOOKUP Region by Product | C4: {=_xlfn.XLOOKUP("Phone",Sheet1!D2:D54,Sheet1!E2:E54)} -> West
A5: 4. VLOOKUP Unit Price | C5: =VLOOKUP("E1000",Sheet1!A2:I54,7,FALSE) -> 3890
A6: 5. INDEX+MATCH Unit Price | C6: {=INDEX(Sheet1!G2:G54,MATCH("E1000",Sheet1!A2:A54,0))} -> 3890
A7: 6. XLOOKUP Total Sale by Emp | C7: {=_xlfn.XLOOKUP("E1000",Sheet1!A2:A54,Sheet1!I2:I54)} -> 202280
A8: 7. XLOOKUP Units Sold by Product | C8: {=_xlfn.XLOOKUP("Phone",Sheet1!D2:D54,Sheet1!F2:F54)} -> 52
A9: 8. LOOKUP Last Name | C9: =LOOKUP(2,1/(Sheet1!B2:B54<>""),Sheet1!B2:B54) -> Grace
A10: 9. FILTER Units > 90 | E10: =IFERROR(__xludf.DUMMYFUNCTION("FILTER(Sheet1!A2:I54,Sheet1!F2:F54>90)"),"E1009") -> E1009 | F10: =IFERROR(__xludf.DUMMYFUNCTION("""COMPUTED_VALUE"""),"Jack") -> Jack | G10: =IFERROR(__xludf.DUMMYFUNCTION("""COMPUTED_VALUE"""),"Marketing") -> Marketing | H10: =IFERROR(__xludf.DUMMYFUNCTION("""COMPUTED_VALUE"""),"Tablet") -> Tablet | I10: =IFERROR(__xludf.DUMMYFUNCTION("""COMPUTED_VALUE"""),"North") -> North | J10: =IFERROR(__xludf.DUMMYFUNCTION("""COMPUTED_VALUE"""),95.0) -> 95 | K10: =IFERROR(__xludf.DUMMYFUNCTION("""COMPUTED_VALUE"""),2360.0) -> 2360 | L10: =IFERROR(__xludf.DUMMYFUNCTION("""COMPUTED_VALUE"""),44936.0) -> 44936 | M10: =IFERROR(__xludf.DUMMYFUNCTION("""COMPUTED_VALUE"""),224200.0) -> 224200
A11: 10. CHOOSE Example | C11: =CHOOSE(2,"Phone","Tablet","Laptop","Monitor") -> Tablet | E11: =IFERROR(__xludf.DUMMYFUNCTION("""COMPUTED_VALUE"""),"E1042") -> E1042 | F11: =IFERROR(__xludf.DUMMYFUNCTION("""COMPUTED_VALUE"""),"Alice") -> Alice | G11: =IFERROR(__xludf.DUMMYFUNCTION("""COMPUTED_VALUE"""),"Marketing") -> Marketing | H11: =IFERROR(__xludf.DUMMYFUNCTION("""COMPUTED_VALUE"""),"Tablet") -> Tablet | I11: =IFERROR(__xludf.DUMMYFUNCTION("""COMPUTED_VALUE"""),"East") -> East | J11: =IFERROR(__xludf.DUMMYFUNCTION("""COMPUTED_VALUE"""),99.0) -> 99 | K11: =IFERROR(__xludf.DUMMYFUNCTION("""COMPUTED_VALUE"""),3780.0) -> 3780 | L11: =IFERROR(__xludf.DUMMYFUNCTION("""COMPUTED_VALUE"""),44969.0) -> 44969 | M11: =IFERROR(__xludf.DUMMYFUNCTION("""COMPUTED_VALUE"""),374220.0) -> 374220
A12: Pivot Table Questions | E12: =IFERROR(__xludf.DUMMYFUNCTION("""COMPUTED_VALUE"""),"E1043") -> E1043 | F12: =IFERROR(__xludf.DUMMYFUNCTION("""COMPUTED_VALUE"""),"Jack") -> Jack | G12: =IFERROR(__xludf.DUMMYFUNCTION("""COMPUTED_VALUE"""),"Finance") -> Finance | H12: =IFERROR(__xludf.DUMMYFUNCTION("""COMPUTED_VALUE"""),"Phone") -> Phone | I12: =IFERROR(__xludf.DUMMYFUNCTION("""COMPUTED_VALUE"""),"West") -> West | J12: =IFERROR(__xludf.DUMMYFUNCTION("""COMPUTED_VALUE"""),99.0) -> 99 | K12: =IFERROR(__xludf.DUMMYFUNCTION("""COMPUTED_VALUE"""),1075.0) -> 1075 | L12: =IFERROR(__xludf.DUMMYFUNCTION("""COMPUTED_VALUE"""),44970.0) -> 44970 | M12: =IFERROR(__xludf.DUMMYFUNCTION("""COMPUTED_VALUE"""),106425.0) -> 106425
A13: 1. Total Sales by Department | E13: =IFERROR(__xludf.DUMMYFUNCTION("""COMPUTED_VALUE"""),"E1045") -> E1045 | F13: =IFERROR(__xludf.DUMMYFUNCTION("""COMPUTED_VALUE"""),"Frank") -> Frank | G13: =IFERROR(__xludf.DUMMYFUNCTION("""COMPUTED_VALUE"""),"Finance") -> Finance | H13: =IFERROR(__xludf.DUMMYFUNCTION("""COMPUTED_VALUE"""),"Keyboard") -> Keyboard | I13: =IFERROR(__xludf.DUMMYFUNCTION("""COMPUTED_VALUE"""),"North") -> North | J13: =IFERROR(__xludf.DUMMYFUNCTION("""COMPUTED_VALUE"""),97.0) -> 97 | K13: =IFERROR(__xludf.DUMMYFUNCTION("""COMPUTED_VALUE"""),4983.0) -> 4983 | L13: =IFERROR(__xludf.DUMMYFUNCTION("""COMPUTED_VALUE"""),44972.0) -> 44972 | M13: =IFERROR(__xludf.DUMMYFUNCTION("""COMPUTED_VALUE"""),483351.0) -> 483351
A14: 2. Average Unit Price by Region | E14: =IFERROR(__xludf.DUMMYFUNCTION("""COMPUTED_VALUE"""),"E1046") -> E1046 | F14: =IFERROR(__xludf.DUMMYFUNCTION("""COMPUTED_VALUE"""),"David") -> David | G14: =IFERROR(__xludf.DUMMYFUNCTION("""COMPUTED_VALUE"""),"HR") -> HR | H14: =IFERROR(__xludf.DUMMYFUNCTION("""COMPUTED_VALUE"""),"Phone") -> Phone | I14: =IFERROR(__xludf.DUMMYFUNCTION("""COMPUTED_VALUE"""),"West") -> West | J14: =IFERROR(__xludf.DUMMYFUNCTION("""COMPUTED_VALUE"""),94.0) -> 94 | K14: =IFERROR(__xludf.DUMMYFUNCTION("""COMPUTED_VALUE"""),4591.0) -> 4591 | L14: =IFERROR(__xludf.DUMMYFUNCTION("""COMPUTED_VALUE"""),44973.0) -> 44973 | M14: =IFERROR(__xludf.DUMMYFUNCTION("""COMPUTED_VALUE"""),431554.0) -> 431554
A15: 3. Units Sold by Product (Chart)
A16: 4. Sales Count by Region
A17: 5. Sales by Employee
A18: 6. Monthly Sales Grouped by Date
A19: 7. Chart for Department Sales Over Time
A20: 8. Slicer for Region
A21: 9. Avg & Max Unit Price per Product
A22: 10. Region-wise Product Sales Chart
